feature,train_importance,train_std,test_importance,test_std
pm25_t,13.304151456342876,0.3330653416425212,8.108415660656798,1.1872336235717804
era5_dew_point_2m_mean,10.9762938561885,0.3823892069675142,6.280350420487373,1.4380437253363396
pm25_roll_mean3,4.620162242486412,0.10833202949982562,2.266137946368665,0.8060918889088559
pm25_lag7,2.911716639779988,0.18562168146597643,1.284579612925942,0.6703869886597837
era5_wind_speed_10m_max,0.7651445772748413,0.08148029602264192,0.7751620893712676,0.33876826019744477
era5_surface_pressure_min,0.5953383233877656,0.08025544725786612,0.5616281689433261,0.1829178458410587
era5_dew_point_2m_max,2.6635954800744117,0.20386376849757612,0.5335244476104176,0.6452192715134898
month,0.7490722981236768,0.05916214077171383,0.5269192103569594,0.26280436031944027
pm25_roll_mean7,2.0708731221052465,0.05556430697822658,0.47306920620868065,0.21479553289065256
era5_boundary_layer_height_mean,0.9318386683636664,0.09845504645154947,0.4677614657486764,0.13184864558592366
era5_temperature_2m_min,0.8279735107443045,0.08097104630988862,0.38155046332368875,0.07113839396419575
pm25_roll_std7,0.7145239795105862,0.04228598817161557,0.23372127124560968,0.11462538339600774
era5_relative_humidity_2m_max,0.20169479774966348,0.018610253560571863,0.1725596388845286,0.0705728105087208
era5_wind_speed_10m_mean,0.33992632157605696,0.03574231018851669,0.1587703166228863,0.0836176538634202
era5_cloud_cover_max,0.2112194751710593,0.028731353926821437,0.15852687241265712,0.08233632403194588
is_holiday,0.19249842966920241,0.047904989717711725,0.1318775811589191,0.06553341039491177
era5_wind_speed_10m_min,0.636743136733422,0.06606425747729748,0.10816647798329022,0.4154835309008843
era5_relative_humidity_2m_min,0.3843105662157317,0.04097132398831469,0.09465049921887925,0.13935711234566076
wind_u_mean,0.6203620551667136,0.07219339097649799,0.08454580546321573,0.13710644873963856
era5_surface_pressure_max,0.10989400958765323,0.019206695032017388,0.049632678895282466,0.05510776444458815
wind_v_mean,1.1923627123263127,0.09958820886773839,0.03624531121746806,0.16874570391672053
era5_boundary_layer_height_min,0.13118857616088597,0.01440524405477066,0.030840578414451515,0.03316667354061039
era5_temperature_2m_mean,0.13443535111470767,0.01507559898680679,0.029102093271847096,0.023417112299863454
era5_cloud_cover_min,0.14136526473284405,0.015005187409611959,0.014130217840556725,0.040863688263449376
firms_frp_sum_lag0,0.007081267277324344,0.003125645077000712,0.005922985455571706,0.01567641460392008
day_of_week,0.014075281809011386,0.006152091174118509,0.001946866446364126,0.01851576958878246
era5_relative_humidity_2m_mean,0.21359826517150893,0.02440742378979166,0.0001984426520845517,0.06932088151201725
is_ramadan,0.0034370816167218266,0.0017762414207242057,-0.0012909295764071515,0.0007866856013367704
pm25_roll_std3,0.18887266492410823,0.02641364820215792,-0.00949214671406402,0.06293431549787694
firms_count_lag1,0.05742989765527255,0.016228162746355027,-0.01612996630123753,0.028294444123838577
is_weekend,0.17465610212926103,0.03793491716646658,-0.0295838973576668,0.16151956876395804
era5_temperature_2m_max,0.1339177484268756,0.02571121349918039,-0.03652688416728047,0.01083738606625853
era5_surface_pressure_mean,0.07764161627730352,0.009538444363349049,-0.04055643897355132,0.03849083956762437
pm25_lag2,0.28573653656494,0.021494248371719177,-0.05546968696544567,0.03333823433739365
era5_cloud_cover_mean,0.48279069078046144,0.042435253719203155,-0.05579161746516732,0.09988220643049402
firms_frp_sum_lag1,0.4306358501852522,0.03986818747803831,-0.07777849528763028,0.1207457206403213
firms_count_lag2,0.04921993775820752,0.007245755873804269,-0.08122690473884334,0.037750622576589475
era5_dew_point_2m_min,0.5356120542706776,0.06980516654274821,-0.08152817824986584,0.16564904925190452
era5_shortwave_radiation_sum,0.1824363328807305,0.024149221259472674,-0.08990025318293107,0.06483596716706579
firms_frp_sum_lag2,0.10012015712004363,0.023935064755797986,-0.09238180932033017,0.028814593064168784
firms_count_lag0,0.08230717991419852,0.009138734940736384,-0.1050818199069333,0.023994421617274466
pm25_lag1,0.2792436942417574,0.04377023384471786,-0.11032884912366363,0.10849752906304613
pm25_lag3,1.100979472159969,0.09734546569344307,-0.14734289027086228,0.2044351118364827
era5_precipitation_sum,0.3901097597781423,0.04877183913356098,-0.16646803540612928,0.1594084114482829
era5_boundary_layer_height_max,0.9539344155014078,0.07151072383898373,-0.3883292673576964,0.25998939070901894
