fold_train_end,test_year,model,n_test,rmse,mae,r2,delta_rmse,delta_rmse_ci_lo,delta_rmse_ci_hi,delta_mae,dm_pvalue
2019,2020,persistence,198,26.27712720992647,18.84668171915329,0.8444724424267148,,,,,
2019,2020,climatology,198,48.144992578786386,33.4197231874564,0.4778998319777764,21.867865368859917,14.630369203574228,29.10542844035382,14.57304146830311,1.8165576195769489e-06
2019,2020,random_forest,198,27.853195149692684,19.32401582208173,0.825256259117259,1.5760679397662152,-2.3426270137086638,5.946487419257749,0.4773341029284417,0.44567981590665
2019,2020,xgboost,198,28.021871646674242,19.71224829176624,0.8231333851406393,1.744744436747773,-2.499700801448799,6.093809842587319,0.865566572612952,0.41269638890649896
2019,2020,lightgbm,198,29.34879786491716,20.641938511346947,0.80598637999764,3.0716706549906903,-1.2950755624788042,7.633939019207512,1.7952567921936584,0.17223317007976988
2020,2021,persistence,164,36.24564637815557,23.6419089681086,0.802314503997039,,,,,
2020,2021,climatology,164,48.24225058768712,32.40570837289936,0.6497983168561556,11.996604209531547,3.7179055374204912,20.0641570558257,8.763799404790763,0.009125850480247683
2020,2021,random_forest,164,33.08324726267076,20.79347747844579,0.8353053960087645,-3.16239911548481,-10.5088591512295,3.8686976319440127,-2.848431489662808,0.39825557528845706
2020,2021,xgboost,164,34.437268178237446,21.182563345072538,0.8215483803840975,-1.808378199918124,-9.09815324401936,5.727767668874426,-2.459345623036061,0.6359515333566291
2020,2021,lightgbm,164,33.785945536319794,21.92806342441554,0.8282347665893581,-2.459700841835776,-9.477033963109148,5.079464105543603,-1.7138455436930577,0.5195886750043023
2021,2022,persistence,175,33.342683359478315,19.879231937834422,0.6807741583695195,,,,,
2021,2022,climatology,175,39.37005739523281,29.2803593090693,0.5549292635546388,6.027374035754498,-0.8600145576450346,12.113317098898998,9.401127371234878,0.05725053301014765
2021,2022,random_forest,175,27.919673461877675,18.657693265695592,0.7761703510184105,-5.42300989760064,-10.101285110274384,-1.0658790103929818,-1.2215386721388306,0.04191300578061767
2021,2022,xgboost,175,27.873094508327625,19.126914741852755,0.7769165670579514,-5.469588851150689,-10.382914970635644,-0.9680551410627868,-0.7523171959816679,0.0476190027703075
2021,2022,lightgbm,175,29.35105682398967,20.611965430733267,0.7526314799434817,-3.9916265354886455,-8.864629660503457,0.7675858063219528,0.7327334928988449,0.1513538549603626
2022,2023,persistence,211,23.265484094584995,15.762457669628494,0.7939855565136027,,,,,
2022,2023,climatology,211,37.11513042367207,25.85136407364771,0.4757053037294079,13.849646329087076,8.117771638897725,19.16903924228252,10.088906404019214,7.479116323628149e-05
2022,2023,random_forest,211,26.33046382843449,16.560539607657194,0.7361297056513711,3.064979733849494,-1.407377388690078,7.9559417899688905,0.7980819380286999,0.2080995759631252
2022,2023,xgboost,211,26.95479791457138,16.594336731035032,0.7234678420112116,3.689313819986385,-0.8545110230727471,8.377272750299817,0.8318790614065374,0.13938207869635927
2022,2023,lightgbm,211,27.56919755959595,16.721208586182993,0.7107177854434601,4.303713465010954,-0.22785228486578565,9.11530836791401,0.9587509165544983,0.09138110159274127
2023,2024,persistence,206,29.453429185672974,19.744936382073416,0.8010764003319049,,,,,
2023,2024,climatology,206,30.567165227232945,20.32234260238696,0.7857479890694958,1.1137360415599709,-3.187442546441567,5.4323723152467185,0.577406220313545,0.6290861261477091
2023,2024,random_forest,206,24.274879623571337,17.836849754625636,0.8648771652435792,-5.178549562101637,-8.061277122347205,-2.374368949578943,-1.90808662744778,0.002565794478912838
2023,2024,xgboost,206,25.782391517775658,18.052814623597843,0.8475733250463098,-3.6710376678973162,-6.244515262405601,-1.2269372769385092,-1.6921217584755723,0.012054108260783241
2023,2024,lightgbm,206,26.22889462229005,18.376576088060574,0.8422481160885393,-3.2245345633829245,-6.176118154804875,-0.4079947129074462,-1.3683602940128416,0.03800109719982446
2024,2025,persistence,75,55.61926973288929,42.24094572729584,0.23540221554458762,,,,,
2024,2025,climatology,75,58.32720723124265,44.35154576135111,0.15913778904664921,2.7079374983533597,-9.00833223018963,13.617080253083646,2.110600034055274,0.6539844549196225
2024,2025,random_forest,75,46.709534199204825,36.511702556722746,0.4607457913474856,-8.909735533684469,-17.950264971697045,-0.648889553639168,-5.729243170573092,0.06104534509757886
2024,2025,xgboost,75,46.79073605003102,36.14895009880012,0.4588692364895747,-8.828533682858271,-17.1106642318929,-1.4332581185300317,-6.091995628495717,0.03513893936776775
2024,2025,lightgbm,75,49.02794943602777,38.858132069784766,0.4058858042502159,-6.591320296861525,-14.982008979683359,1.4189313508196377,-3.382813657511072,0.1328024583494414
