,mean_abs_shap
era5_dew_point_2m_mean,17.372864
pm25_t,10.647917
pm25_roll_mean3,8.846898
pm25_roll_mean7,5.125339
era5_dew_point_2m_max,4.8677373
era5_boundary_layer_height_max,2.969223
pm25_lag7,2.9030764
era5_dew_point_2m_min,2.3203218
era5_wind_speed_10m_max,1.8056992
era5_boundary_layer_height_mean,1.6864794
era5_temperature_2m_min,1.3426908
era5_precipitation_sum,1.2996556
wind_u_mean,1.2389187
month,1.1541294
era5_cloud_cover_mean,1.146323
era5_surface_pressure_min,1.121618
pm25_roll_std7,1.086005
era5_wind_speed_10m_min,1.0540051
pm25_lag3,0.8639746
era5_relative_humidity_2m_min,0.8358209
wind_v_mean,0.74117
era5_cloud_cover_min,0.59108865
era5_relative_humidity_2m_mean,0.5816931
is_weekend,0.5808199
firms_frp_sum_lag1,0.55578005
era5_wind_speed_10m_mean,0.53150326
era5_surface_pressure_max,0.44576925
pm25_lag1,0.4304614
era5_shortwave_radiation_sum,0.40861547
is_holiday,0.39217168
era5_relative_humidity_2m_max,0.26065448
pm25_lag2,0.22856781
era5_cloud_cover_max,0.21987279
firms_count_lag0,0.2057635
era5_temperature_2m_mean,0.17415495
pm25_roll_std3,0.16937272
era5_boundary_layer_height_min,0.14394471
firms_frp_sum_lag2,0.13784221
firms_count_lag2,0.112965815
firms_count_lag1,0.105663344
era5_surface_pressure_mean,0.10172366
era5_temperature_2m_max,0.10007699
firms_frp_sum_lag0,0.057418432
day_of_week,0.035702467
is_ramadan,0.006510801
